episode,load_met_rate,unmet_energy,performance_score,is_best
100,100.0,0.0,15000.0,True
200,100.0,0.0,15000.0,False
300,79.16666666666666,4.435770951001562,11741.926871469952,False
400,100.0,0.0,15000.0,False
500,100.0,0.0,15000.0,False
600,100.0,0.0,15000.0,False
700,100.0,0.0,15000.0,False
800,100.0,0.0,15000.0,False
900,100.0,0.0,15000.0,False
1000,83.33333333333334,3.229324840916179,12403.120254772517,False
1100,100.0,4.440892098500626e-16,15000.0,False
